"filename", "language", "YAML", "Markdown", "Python", "Docker", "pip requirements", "SQL", "comment", "blank", "total"
"/Users/willp/Documents/2023/dev/projects/r-shows/.github/workflows/user-management-service.yml", "YAML", 43, 0, 0, 0, 0, 0, 4, 6, 53
"/Users/willp/Documents/2023/dev/projects/r-shows/README.md", "Markdown", 0, 2, 0, 0, 0, 0, 0, 0, 2
"/Users/willp/Documents/2023/dev/projects/r-shows/docker-compose.yml", "YAML", 18, 0, 0, 0, 0, 0, 0, 1, 19
"/Users/willp/Documents/2023/dev/projects/r-shows/user-management-db.session.sql", "SQL", 0, 0, 0, 0, 0, 1, 0, 2, 3
"/Users/willp/Documents/2023/dev/projects/r-shows/user-management-service/Dockerfile", "Docker", 0, 0, 0, 7, 0, 0, 7, 5, 19
"/Users/willp/Documents/2023/dev/projects/r-shows/user-management-service/README.md", "Markdown", 0, 259, 0, 0, 0, 0, 0, 17, 276
"/Users/willp/Documents/2023/dev/projects/r-shows/user-management-service/app/database.py", "Python", 0, 0, 13, 0, 0, 0, 0, 6, 19
"/Users/willp/Documents/2023/dev/projects/r-shows/user-management-service/app/db/activation_token_repository.py", "Python", 0, 0, 21, 0, 0, 0, 0, 8, 29
"/Users/willp/Documents/2023/dev/projects/r-shows/user-management-service/app/db/password_token_repository.py", "Python", 0, 0, 19, 0, 0, 0, 0, 5, 24
"/Users/willp/Documents/2023/dev/projects/r-shows/user-management-service/app/db/user_repository.py", "Python", 0, 0, 23, 0, 0, 0, 0, 8, 31
"/Users/willp/Documents/2023/dev/projects/r-shows/user-management-service/app/main.py", "Python", 0, 0, 10, 0, 0, 0, 0, 6, 16
"/Users/willp/Documents/2023/dev/projects/r-shows/user-management-service/app/models/activation_token.py", "Python", 0, 0, 11, 0, 0, 0, 0, 4, 15
"/Users/willp/Documents/2023/dev/projects/r-shows/user-management-service/app/models/password_token.py", "Python", 0, 0, 10, 0, 0, 0, 0, 2, 12
"/Users/willp/Documents/2023/dev/projects/r-shows/user-management-service/app/models/user.py", "Python", 0, 0, 16, 0, 0, 0, 0, 2, 18
"/Users/willp/Documents/2023/dev/projects/r-shows/user-management-service/app/password_utils.py", "Python", 0, 0, 7, 0, 0, 0, 0, 3, 10
"/Users/willp/Documents/2023/dev/projects/r-shows/user-management-service/app/routers/password_reset_router.py", "Python", 0, 0, 45, 0, 0, 0, 0, 11, 56
"/Users/willp/Documents/2023/dev/projects/r-shows/user-management-service/app/routers/user_router.py", "Python", 0, 0, 91, 0, 0, 0, 0, 29, 120
"/Users/willp/Documents/2023/dev/projects/r-shows/user-management-service/app/schemas/password_reset_schema.py", "Python", 0, 0, 7, 0, 0, 0, 0, 2, 9
"/Users/willp/Documents/2023/dev/projects/r-shows/user-management-service/app/schemas/response_schema.py", "Python", 0, 0, 6, 0, 0, 0, 0, 1, 7
"/Users/willp/Documents/2023/dev/projects/r-shows/user-management-service/app/schemas/user_schemas.py", "Python", 0, 0, 32, 0, 0, 0, 0, 6, 38
"/Users/willp/Documents/2023/dev/projects/r-shows/user-management-service/app/services/email_service.py", "Python", 0, 0, 28, 0, 0, 0, 0, 9, 37
"/Users/willp/Documents/2023/dev/projects/r-shows/user-management-service/app/services/password_service.py", "Python", 0, 0, 39, 0, 0, 0, 0, 6, 45
"/Users/willp/Documents/2023/dev/projects/r-shows/user-management-service/app/services/user_service.py", "Python", 0, 0, 90, 0, 0, 0, 0, 34, 124
"/Users/willp/Documents/2023/dev/projects/r-shows/user-management-service/app/token_utils.py", "Python", 0, 0, 48, 0, 0, 0, 0, 12, 60
"/Users/willp/Documents/2023/dev/projects/r-shows/user-management-service/database/Dockerfile", "Docker", 0, 0, 0, 7, 0, 0, 1, 5, 13
"/Users/willp/Documents/2023/dev/projects/r-shows/user-management-service/database/README.md", "Markdown", 0, 21, 0, 0, 0, 0, 0, 13, 34
"/Users/willp/Documents/2023/dev/projects/r-shows/user-management-service/database/init.sql", "SQL", 0, 0, 0, 0, 0, 39, 4, 3, 46
"/Users/willp/Documents/2023/dev/projects/r-shows/user-management-service/requirements.txt", "pip requirements", 0, 0, 0, 0, 30, 0, 0, 1, 31
"/Users/willp/Documents/2023/dev/projects/r-shows/user-management-service/tests/test_integration.py", "Python", 0, 0, 31, 0, 0, 0, 0, 21, 52
"/Users/willp/Documents/2023/dev/projects/r-shows/user-management-service/tests/test_password_repository.py", "Python", 0, 0, 0, 0, 0, 0, 0, 1, 1
"/Users/willp/Documents/2023/dev/projects/r-shows/user-management-service/tests/test_password_utils.py", "Python", 0, 0, 44, 0, 0, 0, 0, 13, 57
"/Users/willp/Documents/2023/dev/projects/r-shows/user-management-service/tests/test_user_repository.py", "Python", 0, 0, 0, 0, 0, 0, 0, 1, 1
"/Users/willp/Documents/2023/dev/projects/r-shows/user-management-service/tests/test_user_router.py", "Python", 0, 0, 86, 0, 0, 0, 0, 21, 107
"/Users/willp/Documents/2023/dev/projects/r-shows/user-management-service/tests/test_user_service.py", "Python", 0, 0, 60, 0, 0, 0, 0, 18, 78
"Total", "-", 61, 282, 737, 14, 30, 40, 16, 282, 1462